Task 12,task description for task 1,Personal,True
Task 14,task description for task 1,Work,False
Task 54,task description for task 1,Work,True
Task 35,task description for task 1,Personal,False
Task 43,task description for task 1,Personal,True
Task 1,task description for task 1,Work,False
Task 2,task description for task 1,Work,True
Task 3,task description for task 1,Personal,False
Task 4,task description for task 1,Personal,True
Task 1,task description for task 1,Work,False
Task 2,task description for task 1,Work,True
Task 3,task description for task 1,Personal,False
Task 4,task description for task 1,Personal,True
Task 1,task description for task 1,Work,False
Task 2,task description for task 1,Work,True
Task 3,task description for task 1,Personal,False
Task 4,task description for task 1,Personal,True
Task 1,task description for task 1,Work,False
Task 2,task description for task 1,Work,True
Task 3,task description for task 1,Personal,False
Task 4,task description for task 1,Personal,True
